time,cwnd
1.17e-07,1
0.0526089,2
0.104215,3
0.158412,4
0.212685,5
0.365159,5
0.416476,6
0.469824,6.16667
0.5224,6.33333
0.573909,6.5
0.62549,6.66667
0.676593,6.83333
0.733841,7
0.790017,7.14286
0.8417,7.28571
0.892567,7.42857
0.943485,7.57143
0.994467,7.71429
1.04517,7.85714
1.09611,8
1.14648,8.125
1.19705,8.25
1.2474,8.375
1.29827,8.5
1.34938,8.625
1.4005,8.75
1.45328,8.875
1.50201,9
1.55306,9.11111
1.60289,9.22222
1.66156,9.33333
1.71323,9.44444
1.76732,9.55556
1.81769,9.66667
1.87028,9.77778
1.93066,9.88889
1.995,10
2.04693,10.1
2.102,10.2
2.15441,10.3
2.20614,10.4
2.26133,10.5
2.31259,10.6
2.36728,10.7
2.41514,10.8
2.46683,10.9
2.51622,11
2.56786,11.1
2.62037,11.1909
2.6716,11.2818
2.72266,11.3727
2.77423,11.4636
2.82857,11.5545
2.90058,11.6455
2.95693,11.7364
3.05539,11.8273
3.1063,11.9182
3.15877,12.0091
3.21071,12.0924
3.26286,12.1758
3.31358,12.2591
3.37563,12.3424
3.43136,12.4258
3.51209,12.5091
3.56866,12.5924
3.62525,12.6758
3.67556,12.7591
3.73595,12.8424
3.78854,12.9258
3.84154,13.0091
3.89374,13.086
3.94338,13.1629
3.99469,13.2399
4.04686,13.3168
4.09962,13.3937
4.15191,13.4706
4.20386,13.5476
4.25559,13.6245
4.30618,13.7014
4.3582,13.7783
4.4095,13.8552
4.4672,13.9322
4.51712,14.0091
4.56765,14.0805
4.61813,14.1519
4.67335,14.2234
4.73417,14.2948
4.7854,14.3662
4.8398,14.4377
4.89657,14.5091
4.94241,14.5805
4.99323,14.6519
5.04468,14.7234
5.09471,14.7948
5.14863,14.8662
5.1996,14.9377
5.35647,10
5.40539,11
5.45556,12
5.50857,13
5.56016,14
5.61274,15
5.66284,16
5.71482,17
5.76318,18
5.81394,19
5.8653,20
5.91672,20.05
5.96803,20.1
6.01905,20.15
6.0716,20.2
6.12162,20.25
6.17218,20.3
6.22326,20.35
6.27662,20.4
6.32627,20.45
6.37892,20.5
6.42877,20.55
6.48254,20.6
6.53416,20.65
6.58552,20.7
6.63784,20.75
6.68963,20.8
6.73957,20.85
6.79123,20.9
6.84311,20.95
6.89953,21
6.95127,21.0476
7.00493,21.0952
7.05619,21.1429
7.10792,21.1905
7.15915,21.2381
7.20991,21.2857
7.28517,21.3333
7.3419,21.381
7.39943,21.4286
7.55314,13
7.60371,14
7.65473,15
7.70601,16
7.76082,17
7.80816,18
7.85957,19
7.91026,20
7.96121,21
8.01182,22
8.06485,23
8.11505,24
8.16553,25
8.21702,26
8.26747,27
8.32049,28
8.37866,29
8.42946,30
8.48293,31
8.53576,32
8.55651,1
8.69203,4
8.74205,5
8.7936,6
8.84334,7
8.89639,8
8.94536,9
8.99741,10
9.04797,11
9.10162,12
9.15268,13
9.20261,13.0769
9.30463,13.1538
9.35551,13.2308
9.40862,13.3077
9.45857,13.3846
9.51129,13.4615
9.56104,13.5385
9.61286,13.6154
9.6649,13.6923
9.71696,13.7692
9.76684,13.8462
9.81962,13.9231
9.86861,14
9.92083,14.0769
9.97281,14.1484
10.1232,10
10.1728,11
10.2258,12
10.2752,13
10.3263,14
10.3799,15
10.4309,16
10.4831,17
10.5318,18
10.5835,19
10.6341,20
10.6865,20.05
10.7419,20.1
10.7954,20.15
10.8461,20.2
10.8978,20.25
10.9485,20.3
11.0035,20.35
11.0548,20.4
11.1082,20.45
11.16,20.5
11.2113,20.55
11.2631,20.6
11.3135,20.65
11.3656,20.7
11.4171,20.75
11.4664,20.8
11.5176,20.85
11.5681,20.9
11.6199,20.95
11.6709,21
11.8253,13
11.8781,14
11.9313,15
11.9826,16
12.0352,17
12.0878,18
12.1408,19
12.2028,20
12.2468,21
12.3065,22
12.3588,23
12.4301,24
12.4736,25
12.5309,26
12.5822,27
12.6341,28
12.6868,29
12.7393,29.0345
12.8085,29.069
12.8584,29.1034
12.9109,29.1379
12.9645,29.1724
13.0129,29.2069
13.0697,29.2414
13.1329,29.2759
13.198,29.3103
13.2526,29.3448
13.3189,29.3793
13.3711,29.4138
13.4223,29.4483
13.4846,29.4828
13.5395,29.5172
13.5948,29.5517
13.6534,29.5862
13.7028,29.6207
13.7533,29.6552
13.8036,29.6897
13.8577,29.7241
13.9139,29.7586
13.9648,29.7931
14.1215,17
14.1833,18
14.2379,19
14.2956,20
14.3466,21
14.3986,22
14.4526,23
14.5049,24
14.5545,25
14.6053,26
14.6582,27
14.7095,28
14.7688,29
14.823,30
14.869,31
14.9305,32
14.9811,33
15.0349,33.0303
15.0873,33.0606
15.1554,33.0909
15.2218,33.1212
15.2834,33.1515
15.3268,33.1818
15.379,33.2121
15.4324,33.2424
15.4858,33.2727
15.6106,33.303
15.6252,33.3333
15.7026,33.3636
15.768,33.3939
15.8329,33.4242
15.8808,33.4545
15.9339,33.4848
15.9907,33.5152
16.0428,33.5455
16.0945,33.5758
16.1777,33.6061
16.2267,33.6364
16.3925,19
16.4454,20
16.4933,21
16.5445,22
16.5962,23
16.6475,24
16.7028,25
16.7555,26
16.8074,27
16.8661,28
16.9136,29
16.9631,30
17.0225,31
17.0676,32
17.1181,33
17.1726,34
17.2246,34.0294
17.3879,20
17.4412,21
17.5133,22
17.5658,23
17.6158,24
17.6691,25
17.7186,26
17.7724,27
17.824,28
17.8748,29
17.9283,30
17.9787,31
18.0331,32
18.0805,33
18.1371,34
18.1908,35
18.2684,36
18.3015,36.0278
18.3588,36.0556
18.4109,36.0833
18.4776,36.1111
18.5313,36.1389
18.5833,36.1667
18.6336,36.1944
18.6919,36.2222
18.7476,36.25
18.8003,36.2778
18.8522,36.3056
18.9052,36.3333
18.9564,36.3611
19.0175,36.3889
19.0834,36.4167
19.1378,36.4444
19.1902,36.4722
19.2555,36.5
19.3128,36.5278
19.3658,36.5556
19.4188,36.5833
19.4714,36.6111
19.5322,36.6389
19.5942,36.6667
19.6457,36.6944
19.7003,36.7222
19.7558,36.75
19.8142,36.7778
19.9661,21
20.0162,22
20.0686,23
20.1194,24
20.171,25
20.2216,26
20.2729,27
20.3344,28
20.3889,29
20.4479,30
20.5006,31
20.5632,32
20.6132,33
20.6733,34
20.7285,35
20.7832,35.0286
20.8385,35.0571
20.8894,35.0857
20.9424,35.1143
21.1008,20
21.1699,21
21.2208,22
21.2773,23
21.3343,24
21.3836,25
21.437,26
21.5004,27
21.5471,28
21.5988,29
21.6489,30
21.706,31
21.7628,32
21.8063,33
21.8582,34
21.9093,35
21.9719,36
22.0224,36.0278
22.0756,36.0556
22.1269,36.0833
22.1794,36.1111
22.2333,36.1389
22.2854,36.1667
22.3388,36.1944
22.3899,36.2222
22.4477,36.25
22.5022,36.2778
22.5599,36.3056
22.6141,36.3333
22.6676,36.3611
22.7225,36.3889
22.7764,36.4167
22.8307,36.4444
22.8775,36.4722
22.9318,36.5
22.9918,36.5278
23.0385,36.5556
23.0964,36.5833
23.1469,36.6111
23.1979,36.6389
23.2593,36.6667
23.3103,36.6944
23.3614,36.7222
23.4189,36.75
23.4714,36.7778
23.6265,21
23.6799,22
23.7353,23
23.7835,24
23.8416,25
23.8923,26
23.9444,27
23.9991,28
24.0529,29
24.1035,30
24.1547,31
24.207,32
24.2638,33
24.3154,34
24.3778,35
24.4551,36
24.4895,36.0278
24.5388,36.0556
24.5977,36.0833
24.6518,36.1111
24.7044,36.1389
24.7598,36.1667
24.8112,36.1944
24.8622,36.2222
24.9174,36.25
24.9746,36.2778
25.1309,21
25.185,22
25.2382,23
25.2937,24
25.3522,25
25.3987,26
25.4479,27
25.4998,28
25.5509,29
25.6126,30
25.6604,31
25.7136,32
25.7657,33
25.8212,34
25.8773,35
25.9308,36
25.9831,36.0278
26.0349,36.0556
26.0875,36.0833
26.1455,36.1111
26.1964,36.1389
26.2497,36.1667
26.3019,36.1944
26.3553,36.2222
26.4082,36.25
26.46,36.2778
26.5118,36.3056
26.5638,36.3333
26.6174,36.3611
26.6699,36.3889
26.731,36.4167
26.7813,36.4444
26.9342,21
26.9845,22
27.0383,23
27.0884,24
27.1391,25
27.1913,26
27.2423,27
27.293,28
27.3457,29
27.3988,30
27.4491,31
27.4997,32
27.5492,33
27.6005,34
27.6502,35
27.7056,36
27.7558,37
27.8061,37.027
27.8566,37.0541
27.9147,37.0811
27.9682,37.1081
28.0197,37.1351
28.0691,37.1622
28.124,37.1892
28.174,37.2162
28.2245,37.2432
28.2743,37.2703
28.3254,37.2973
28.3771,37.3243
28.4303,37.3514
28.4847,37.3784
28.5387,37.4054
28.5892,37.4324
28.6413,37.4595
28.6926,37.4865
28.742,37.5135
28.793,37.5405
28.8425,37.5676
28.8931,37.5946
28.9462,37.6216
29.0033,37.6486
29.0544,37.6757
29.1091,37.7027
29.1658,37.7297
29.2165,37.7568
29.2675,37.7838
29.3204,37.8108
29.3711,37.8378
29.5218,21
29.5728,22
29.6237,23
29.6779,24
29.7287,25
29.7809,26
29.8323,27
29.8905,28
29.9432,29
29.9945,30
30.0471,31
30.101,32
30.1482,33
30.2027,34
30.2521,35
30.3129,36
30.3587,36.0278
30.4265,36.0556
30.4785,36.0833
30.5304,36.1111
30.5812,36.1389
30.7412,21
30.793,22
30.8436,23
30.9061,24
30.9559,25
31.0101,26
31.0626,27
31.116,28
31.1659,29
31.2263,30
31.2791,31
31.335,32
31.3848,33
31.4474,34
31.5047,35
31.5516,36
31.6035,37
31.6565,37.027
31.7107,37.0541
31.7746,37.0811
31.8307,37.1081
31.8812,37.1351
31.9338,37.1622
31.9873,37.1892
32.1426,21
32.2098,22
32.2476,23
32.2988,24
32.3559,25
32.4085,26
32.4596,27
32.5098,28
32.5622,29
32.6186,30
32.6789,31
32.7308,32
32.7876,33
32.8394,34
32.8898,35
32.9426,35.0286
32.9948,35.0571
33.0537,35.0857
33.1008,35.1143
33.1668,35.1429
33.2212,35.1714
33.2745,35.2
33.3266,35.2286
33.4888,20
33.5391,21
33.5896,22
33.6428,23
33.6964,24
33.7467,25
33.7994,26
33.8526,27
33.9031,28
33.9603,29
34.0059,30
34.0609,31
34.1147,32
34.168,33
34.2206,34
34.2726,34.0294
34.3244,34.0588
34.3788,34.0882
34.4294,34.1176
34.4836,34.1471
34.5334,34.1765
34.5833,34.2059
34.6363,34.2353
34.689,34.2647
34.7445,34.2941
34.8154,34.3235
34.866,34.3529
34.9177,34.3824
35.0735,20
35.1293,21
35.1819,22
35.2358,23
35.2903,24
35.3472,25
35.4005,26
35.4547,27
35.5068,28
35.5582,29
35.6087,30
35.6595,31
35.7124,32
35.7676,33
35.8231,34
35.8744,34.0294
35.9276,34.0588
35.9952,34.0882
36.0627,34.1176
36.1209,34.1471
36.1703,34.1765
36.2274,34.2059
36.2766,34.2353
36.3276,34.2647
36.3816,34.2941
36.4334,34.3235
36.4889,34.3529
36.5389,34.3824
36.5983,34.4118
36.6469,34.4412
36.6974,34.4706
36.7546,34.5
36.8083,34.5294
36.8658,34.5588
36.9207,34.5882
36.9756,34.6176
37.0307,34.6471
37.0852,34.6765
37.1443,34.7059
37.1983,34.7353
37.2507,34.7647
37.3044,34.7941
37.3722,34.8235
37.4314,34.8529
37.4828,34.8824
37.5379,34.9118
37.5927,34.9412
37.6456,34.9706
37.7001,35
37.7481,35.0286
37.8014,35.0571
37.8691,35.0857
37.9243,35.1143
37.9756,35.1429
38.031,35.1714
38.0877,35.2
38.1413,35.2286
38.1919,35.2571
38.2442,35.2857
38.2951,35.3143
38.3469,35.3429
38.4005,35.3714
38.4518,35.4
38.5014,35.4286
38.5547,35.4571
38.6072,35.4857
38.659,35.5143
38.7198,35.5429
38.9042,20
38.953,21
39.0036,22
39.0586,23
39.1197,24
39.1696,25
39.2248,26
39.2775,27
39.3293,28
39.3863,29
39.4389,30
39.4938,31
39.5435,32
39.5956,33
39.6486,34
39.6977,35
39.7521,35.0286
39.8101,35.0571
39.8688,35.0857
39.9199,35.1143
39.9734,35.1429
40.0376,35.1714
40.0992,35.2
40.1476,35.2286
40.2009,35.2571
40.2741,35.2857
40.3263,35.3143
40.3888,35.3429
40.4468,35.3714
40.4997,35.4
40.5579,35.4286
40.6137,35.4571
40.6739,35.4857
40.725,35.5143
40.777,35.5429
40.9348,20
40.9907,21
41.0422,22
41.0941,23
41.149,24
41.1985,25
41.2488,26
41.3097,27
41.3637,28
41.4216,29
41.4819,30
41.5376,31
41.5948,32
41.6457,33
41.6995,34
41.7619,35
41.8145,36
41.8687,36.0278
42.0279,21
42.0773,22
42.1374,23
42.1846,24
42.2375,25
42.2866,26
42.3604,27
42.4073,28
42.4622,29
42.5107,30
42.5703,31
42.6217,32
42.7033,33
42.7555,34
42.806,35
42.8586,36
42.907,37
42.9615,37.027
43.0116,37.0541
43.0632,37.0811
43.1191,37.1081
43.1824,37.1351
43.2296,37.1622
43.2803,37.1892
43.3387,37.2162
43.3932,37.2432
43.4458,37.2703
43.4993,37.2973
43.5506,37.3243
43.6067,37.3514
43.6827,37.3784
43.7355,37.4054
43.7948,37.4324
43.8479,37.4595
43.9015,37.4865
43.9584,37.5135
44.0167,37.5405
44.0707,37.5676
44.1203,37.5946
44.1739,37.6216
44.2255,37.6486
44.2794,37.6757
44.3348,37.7027
44.3959,37.7297
44.4503,37.7568
44.5018,37.7838
44.5549,37.8108
44.6058,37.8378
44.6632,37.8649
44.7172,37.8919
44.8767,21
44.9329,22
44.9814,23
45.0345,24
45.0891,25
45.1398,26
45.1908,27
45.2531,28
45.2946,29
45.346,30
45.3971,31
45.4495,32
45.5163,33
45.5649,34
45.6189,35
45.673,36
45.7499,36.0278
45.798,36.0556
45.8557,36.0833
45.905,36.1111
45.9683,36.1389
46.0276,36.1667
46.0771,36.1944
46.1432,36.2222
46.2121,36.25
46.3132,36.2778
46.3667,36.3056
46.4531,36.3333
46.5074,36.3611
46.6696,21
46.7207,22
46.7802,23
46.8414,24
46.8896,25
46.9421,26
46.9943,27
47.0446,28
47.0987,29
47.1584,30
47.2071,31
47.2644,32
47.3156,33
47.3669,34
47.4232,35
47.4789,35.0286
47.5351,35.0571
47.5908,35.0857
47.6486,35.1143
47.7048,35.1429
47.7583,35.1714
47.8098,35.2
47.8659,35.2286
47.9283,35.2571
48.0839,20
48.135,21
48.1859,22
48.2362,23
48.2895,24
48.342,25
48.3925,26
48.4448,27
48.4965,28
48.5507,29
48.6014,30
48.6544,31
48.7059,32
48.7603,33
48.8246,33.0303
48.9161,33.0606
48.9963,33.0909
49.0464,33.1212
49.1057,33.1515
49.1857,33.1818
49.254,33.2121
49.3051,33.2424
49.3551,33.2727
49.4066,33.303
49.4573,33.3333
49.5072,33.3636
49.559,33.3939
49.7144,19
49.7674,20
49.8157,21
49.8708,22
49.9346,23
49.9745,24
50.0246,25
50.0753,26
50.1268,27
50.1926,28
50.2499,29
50.3044,30
50.3559,31
50.4056,32
50.4575,33
50.509,34
50.5694,34.0294
50.621,34.0588
50.6772,34.0882
50.7471,34.1176
50.8033,34.1471
50.8618,34.1765
50.9286,34.2059
51.0987,20
51.1471,21
51.1957,22
51.25,23
51.3024,24
51.3546,25
51.405,26
51.4649,27
51.5194,28
51.5924,29
51.6433,30
51.6955,31
51.7456,32
51.7971,33
51.8479,34
51.9002,34.0294
51.9645,34.0588
52.0546,34.0882
52.1082,34.1176
52.1598,34.1471
52.2106,34.1765
52.2753,34.2059
52.328,34.2353
52.3835,34.2647
52.4311,34.2941
52.4831,34.3235
52.5393,34.3529
52.6275,34.3824
52.6868,34.4118
52.7473,34.4412
52.8044,34.4706
52.864,34.5
52.9141,34.5294
52.9664,34.5588
53.019,34.5882
53.0742,34.6176
53.1242,34.6471
53.18,34.6765
53.2327,34.7059
53.2842,34.7353
53.3363,34.7647
53.3875,34.7941
53.4408,34.8235
53.4947,34.8529
53.5524,34.8824
53.6037,34.9118
53.6607,34.9412
53.7118,34.9706
53.875,20
53.9353,21
53.9825,22
54.0344,23
54.0946,24
54.1453,25
54.2179,26
54.2689,27
54.3257,28
54.375,29
54.4273,30
54.4816,31
54.5312,32
54.5865,33
54.6398,34
54.6886,35
54.7399,36
54.7932,36.0278
54.8439,36.0556
54.9016,36.0833
54.9526,36.1111
55.0088,36.1389
55.0693,36.1667
55.1234,36.1944
55.1812,36.2222
55.2315,36.25
55.2847,36.2778
55.4474,21
55.5043,22
55.5495,23
55.6014,24
55.6721,25
55.7185,26
55.7868,27
55.8355,28
55.8904,29
55.9405,30
55.9895,31
56.0415,32
56.094,33
56.1489,33.0303
56.2012,33.0606
56.2517,33.0909
56.3024,33.1212
56.4587,19
56.5112,20
56.5681,21
56.6191,22
56.6707,23
56.7218,24
56.7746,25
56.8288,26
56.8792,27
56.9322,28
56.9832,29
57.0386,30
57.0886,31
57.1395,32
57.1903,33
57.2432,34
57.2945,35
57.3539,35.0286
57.4061,35.0571
57.4606,35.0857
57.5151,35.1143
57.5705,35.1429
57.6256,35.1714
57.6835,35.2
57.7362,35.2286
57.7965,35.2571
57.8485,35.2857
57.9053,35.3143
57.9585,35.3429
58.0096,35.3714
58.0629,35.4
58.1142,35.4286
58.1767,35.4571
58.2286,35.4857
58.2806,35.5143
58.3328,35.5429
58.3855,35.5714
58.4424,35.6
58.4966,35.6286
58.5509,35.6571
58.5988,35.6857
58.697,35.7143
58.7258,35.7429
58.7759,35.7714
58.8347,35.8
58.8868,35.8286
58.9376,35.8571
58.9898,35.8857
59.0393,35.9143
59.0928,35.9429
59.1454,35.9714
59.1982,36
59.2551,36.0278
59.3089,36.0556
59.3648,36.0833
59.4179,36.1111
59.4704,36.1389
59.5297,36.1667
59.5814,36.1944
59.6345,36.2222
59.6857,36.25
59.7399,36.2778
59.7944,36.3056
59.8455,36.3333
59.8984,36.3611
59.9907,36.3889
60.0465,36.4167
60.1003,36.4444
60.178,36.4722
60.2847,36.5
60.3425,36.5278
60.3926,36.5556
60.4439,36.5833
60.4998,36.6111
60.5517,36.6389
60.6047,36.6667
60.658,36.6944
60.7095,36.7222
60.7814,36.75
60.8395,36.7778
60.9941,21
61.0453,22
61.1029,23
61.1568,24
61.2168,25
61.272,26
61.3229,27
61.3757,28
61.4348,29
61.4771,30
61.5295,31
61.5829,32
61.6405,33
61.6944,34
61.7458,35
61.8002,36
61.8532,37
61.9131,37.027
61.9637,37.0541
62.0166,37.0811
62.0705,37.1081
62.1303,37.1351
62.1778,37.1622
62.2301,37.1892
62.2813,37.2162
62.3406,37.2432
62.3917,37.2703
62.4454,37.2973
62.5002,37.3243
62.552,37.3514
62.6048,37.3784
62.6655,37.4054
62.7207,37.4324
62.7789,37.4595
62.8327,37.4865
62.8905,37.5135
62.9449,37.5405
62.9987,37.5676
63.0479,37.5946
63.1,37.6216
63.1516,37.6486
63.3066,21
63.3584,22
63.4098,23
63.4615,24
63.5201,25
63.5672,26
63.6181,27
63.6692,28
63.7204,29
63.7774,30
63.8288,31
63.8814,32
63.9341,33
63.9927,34
64.0431,35
64.0933,36
64.1474,37
64.2175,37.027
64.264,37.0541
64.3148,37.0811
64.3687,37.1081
64.4212,37.1351
64.473,37.1622
64.5284,37.1892
64.5846,37.2162
64.7426,21
64.7927,22
64.8444,23
64.8954,24
64.9473,25
65.0046,26
65.0599,27
65.1078,28
65.1613,29
65.2167,30
65.2676,31
65.3203,32
65.3692,33
65.4206,34
65.4746,35
65.5275,35.0286
65.5809,35.0571
65.6385,35.0857
65.6926,35.1143
65.7455,35.1429
65.7994,35.1714
65.8534,35.2
65.9035,35.2286
65.962,35.2571
66.0175,35.2857
66.0722,35.3143
66.1287,35.3429
66.1753,35.3714
66.2278,35.4
66.2806,35.4286
66.3293,35.4571
66.3821,35.4857
66.4337,35.5143
66.4859,35.5429
66.5529,35.5714
66.6026,35.6
66.6559,35.6286
66.7054,35.6571
66.7582,35.6857
66.9225,20
66.9716,21
67.0241,22
67.0772,23
67.1302,24
67.1925,25
67.2389,26
67.2884,27
67.3392,28
67.3907,29
67.4436,30
67.4949,31
67.5494,32
67.5988,33
67.6504,33.0303
67.7056,33.0606
67.7589,33.0909
67.8093,33.1212
67.8638,33.1515
67.9154,33.1818
67.9684,33.2121
68.0266,33.2424
68.0806,33.2727
68.1365,33.303
68.1898,33.3333
68.2427,33.3636
68.3066,33.3939
68.3642,33.4242
68.4126,33.4545
68.4656,33.4848
68.6405,19
68.6906,20
68.741,21
68.7926,22
68.8706,23
68.9312,24
68.9894,25
69.0375,26
69.09,27
69.1429,28
69.1918,29
69.2548,30
69.3138,31
69.3685,32
69.4196,33
69.4843,34
69.5383,34.0294
69.5905,34.0588
69.6419,34.0882
69.6969,34.1176
69.7536,34.1471
69.8065,34.1765
69.8578,34.2059
69.9123,34.2353
69.9664,34.2647
70.0209,34.2941
70.0858,34.3235
70.1363,34.3529
70.1903,34.3824
70.2403,34.4118
70.2925,34.4412
70.3459,34.4706
70.4019,34.5
70.4511,34.5294
70.5069,34.5588
70.5628,34.5882
70.6115,34.6176
70.6627,34.6471
70.8351,20
70.8865,21
70.9376,22
70.9893,23
71.0404,24
71.0938,25
71.1473,26
71.1973,27
71.2485,28
71.3035,29
71.3539,30
71.4039,31
71.4571,32
71.5092,33
71.5667,34
71.6165,35
71.6646,35.0286
71.7152,35.0571
71.7725,35.0857
71.8231,35.1143
71.8768,35.1429
71.9293,35.1714
71.9838,35.2
72.037,35.2286
72.2165,20
72.2461,21
72.2976,22
72.3506,23
72.4011,24
72.4534,25
72.5105,26
72.5613,27
72.6145,28
72.671,29
72.7274,30
72.7817,31
72.8284,32
72.8882,33
72.9316,34
72.9847,35
73.0372,35.0286
73.0894,35.0571
73.1426,35.0857
73.1965,35.1143
73.2489,35.1429
73.3018,35.1714
73.4571,20
73.5082,21
73.5589,22
73.6127,23
73.6697,24
73.7219,25
73.7725,26
73.8222,27
73.8739,28
73.9298,29
73.9788,30
74.0281,31
74.0841,32
74.1338,33
74.1852,34
74.2356,35
74.2965,35.0286
74.3415,35.0571
74.4034,35.0857
74.4628,35.1143
74.5309,35.1429
74.5831,35.1714
74.637,35.2
74.6877,35.2286
74.7454,35.2571
74.8002,35.2857
74.8562,35.3143
74.9081,35.3429
74.9685,35.3714
75.0264,35.4
75.0918,35.4286
75.1555,35.4571
75.1875,35.4857
75.2453,35.5143
75.3045,35.5429
75.4657,20
75.5266,21
75.5756,22
75.6282,23
75.6798,24
75.7295,25
75.7901,26
75.8395,27
75.9006,28
75.9512,29
76.0052,30
76.0596,31
76.1099,32
76.1636,33
76.2151,34
76.2664,35
76.3204,35.0286
76.3767,35.0571
76.4377,35.0857
76.4835,35.1143
76.5379,35.1429
76.6008,35.1714
76.6641,35.2
76.7069,35.2286
76.7681,35.2571
76.8235,35.2857
76.877,35.3143
76.9436,35.3429
77.0039,35.3714
77.0542,35.4
77.1058,35.4286
77.1639,35.4571
77.2141,35.4857
77.2877,35.5143
77.3497,35.5429
77.4,35.5714
77.4576,35.6
77.5114,35.6286
77.5676,35.6571
77.6213,35.6857
77.6747,35.7143
77.7303,35.7429
77.7866,35.7714
77.8435,35.8
77.8997,35.8286
77.9541,35.8571
78.0066,35.8857
78.0582,35.9143
78.1109,35.9429
78.1642,35.9714
78.2199,36
78.2698,36.0278
78.3247,36.0556
78.3778,36.0833
78.4288,36.1111
78.4833,36.1389
78.5379,36.1667
78.5895,36.1944
78.6428,36.2222
78.6936,36.25
78.85,21
78.8999,22
78.9531,23
79.0024,24
79.0571,25
79.1086,26
79.17,27
79.22,28
79.2704,29
79.3234,30
79.3765,31
79.4312,32
79.4803,33
79.5295,34
79.5825,35
79.6373,36
79.6927,36.0278
79.7444,36.0556
79.7972,36.0833
79.8521,36.1111
79.9123,36.1389
80.0038,36.1667
80.0553,36.1944
80.1499,36.2222
80.2027,36.25
80.2557,36.2778
80.3308,36.3056
80.3848,36.3333
80.4362,36.3611
80.5036,36.3889
80.5559,36.4167
80.609,36.4444
80.6638,36.4722
80.7186,36.5
80.7736,36.5278
80.8321,36.5556
80.8907,36.5833
80.9431,36.6111
80.997,36.6389
81.0508,36.6667
81.1049,36.6944
81.1579,36.7222
81.2093,36.75
81.2722,36.7778
81.3249,36.8056
81.3806,36.8333
81.4319,36.8611
81.4869,36.8889
81.5537,36.9167
81.6005,36.9444
81.654,36.9722
81.7071,37
81.7607,37.027
81.8108,37.0541
81.8626,37.0811
81.915,37.1081
81.9665,37.1351
82.0209,37.1622
82.0725,37.1892
82.1239,37.2162
82.1778,37.2432
82.2316,37.2703
82.2837,37.2973
82.3367,37.3243
82.3893,37.3514
82.4434,37.3784
82.4933,37.4054
82.5465,37.4324
82.6037,37.4595
82.6511,37.4865
82.7045,37.5135
82.7582,37.5405
82.8131,37.5676
82.8643,37.5946
82.9159,37.6216
82.9747,37.6486
83.0527,37.6757
83.1339,37.7027
83.1917,37.7297
83.2431,37.7568
83.2931,37.7838
83.3463,37.8108
83.4019,37.8378
83.4556,37.8649
83.5109,37.8919
83.5653,37.9189
83.617,37.9459
83.6835,37.973
83.7366,38
83.8924,21
83.9416,22
83.9938,23
84.0475,24
84.0999,25
84.1507,26
84.213,27
84.2546,28
84.3076,29
84.3614,30
84.4113,31
84.4628,32
84.5143,33
84.5656,34
84.6255,35
84.6748,36
84.7319,36.0278
84.7871,36.0556
84.8354,36.0833
84.8896,36.1111
84.9511,36.1389
85.0015,36.1667
85.0645,36.1944
85.1243,36.2222
85.1858,36.25
85.238,36.2778
85.2924,36.3056
85.344,36.3333
85.3985,36.3611
85.4529,36.3889
85.5087,36.4167
85.5701,36.4444
85.6234,36.4722
85.6856,36.5
85.7468,36.5278
85.8008,36.5556
85.8537,36.5833
85.9099,36.6111
86.0599,21
86.1142,22
86.1659,23
86.2198,24
86.2832,25
86.3325,26
86.3843,27
86.4391,28
86.4926,29
86.5423,30
86.5986,31
86.65,32
86.7018,33
86.7586,34
86.8056,35
86.8582,36
86.912,37
86.9704,37.027
87.0259,37.0541
87.0811,37.0811
87.1285,37.1081
87.1813,37.1351
87.2347,37.1622
87.2851,37.1892
87.3424,37.2162
87.3964,37.2432
87.4504,37.2703
87.5027,37.2973
87.5533,37.3243
87.6076,37.3514
87.6606,37.3784
87.7234,37.4054
87.7778,37.4324
87.833,37.4595
87.8927,37.4865
87.9384,37.5135
87.9982,37.5405
88.0579,37.5676
88.108,37.5946
88.165,37.6216
88.2266,37.6486
88.2765,37.6757
88.3314,37.7027
88.3863,37.7297
88.437,37.7568
88.4913,37.7838
88.5411,37.8108
88.6008,37.8378
88.6555,37.8649
88.7132,37.8919
88.768,37.9189
88.8154,37.9459
88.8699,37.973
88.9247,38
88.9775,38.027
89.0309,38.0533
89.0839,38.0797
89.1371,38.106
89.1875,38.1323
89.2397,38.1586
89.2918,38.1849
89.3547,38.2112
89.4176,38.2376
89.4691,38.2639
89.5222,38.2902
89.5731,38.3165
89.6248,38.3428
89.6779,38.3691
89.7297,38.3954
89.7837,38.4218
89.8392,38.4481
89.8892,38.4744
89.9424,38.5007
89.9936,38.527
90.0497,38.5533
90.1039,38.5797
90.1555,38.606
90.207,38.6323
90.2602,38.6586
90.3119,38.6849
90.3631,38.7112
90.4164,38.7376
90.466,38.7639
90.6254,22
90.6738,23
90.7258,24
90.7803,25
90.8368,26
90.8848,27
90.9368,28
90.9988,29
91.0517,30
91.1066,31
91.1596,32
91.2104,33
91.2618,34
91.314,35
91.364,36
91.4173,37
91.4786,37.027
91.5227,37.0541
91.5754,37.0811
91.6306,37.1081
91.6829,37.1351
91.738,37.1622
91.801,37.1892
91.8496,37.2162
91.9012,37.2432
91.9535,37.2703
92.005,37.2973
92.0684,37.3243
92.1185,37.3514
92.1736,37.3784
92.2391,37.4054
92.2886,37.4324
92.3537,37.4595
92.4152,37.4865
92.4693,37.5135
92.5318,37.5405
92.5836,37.5676
92.6458,37.5946
92.6912,37.6216
92.7404,37.6486
92.7995,37.6757
92.8532,37.7027
92.9073,37.7297
93.0692,21
93.1187,22
93.1725,23
93.2224,24
93.273,25
93.3224,26
93.3732,27
93.4249,28
93.4746,29
93.5266,30
93.5822,31
93.6329,32
93.6843,33
93.7367,34
93.7874,35
93.8396,36
93.8898,36.0278
93.9428,36.0556
93.9938,36.0833
94.0455,36.1111
94.0964,36.1389
94.1484,36.1667
94.2022,36.1944
94.2567,36.2222
94.3126,36.25
94.3695,36.2778
94.4225,36.3056
94.486,36.3333
94.5373,36.3611
94.5896,36.3889
94.6463,36.4167
94.6998,36.4444
94.7527,36.4722
94.8046,36.5
94.8603,36.5278
94.9302,36.5556
94.9708,36.5833
95.0247,36.6111
95.0735,36.6389
95.1258,36.6667
95.1778,36.6944
95.2297,36.7222
95.3839,21
95.4492,22
95.5015,23
95.5507,24
95.6186,25
95.6774,26
95.7247,27
95.7839,28
95.8338,29
95.8945,30
95.9428,31
95.9946,32
96.0462,33
96.099,34
96.1541,35
96.203,35.0286
96.2534,35.0571
96.3066,35.0857
96.3629,35.1143
96.5167,20
96.5706,21
96.6218,22
96.6822,23
96.7285,24
96.7781,25
96.8291,26
96.8792,27
96.9293,28
96.9808,29
97.0336,30
97.0867,31
97.1394,32
97.1942,33
97.2436,34
97.318,34.0294
97.4159,34.0588
97.4684,34.0882
97.5212,34.1176
97.6854,20
97.7367,21
97.7885,22
97.8438,23
97.8989,24
97.951,25
98.0067,26
98.0565,27
98.1181,28
98.1701,29
98.2203,30
98.2746,31
98.3257,32
98.3748,33
98.4303,34
98.4831,35
98.5374,35.0286
98.591,35.0571
98.6428,35.0857
98.7022,35.1143
98.7548,35.1429
98.8118,35.1714
98.8667,35.2
98.9259,35.2286
98.9755,35.2571
99.0306,35.2857
99.0825,35.3143
99.1366,35.3429
99.3135,20
99.3621,21
99.4121,22
99.4649,23
99.5185,24
99.5726,25
99.6235,26
99.6779,27
99.7304,28
99.7833,29
99.8333,30
99.8846,31
99.9363,32
99.9883,33
100.04,34
100.096,35
100.148,35.0286
100.205,35.0571
100.257,35.0857
100.323,35.1143
100.358,35.1429
100.419,35.1714
100.468,35.2
100.522,35.2286
100.573,35.2571
100.626,35.2857
100.679,35.3143
100.744,35.3429
100.798,35.3714
100.853,35.4
100.906,35.4286
100.965,35.4571
101.017,35.4857
101.067,35.5143
101.12,35.5429
101.172,35.5714
101.229,35.6
101.285,35.6286
101.335,35.6571
101.388,35.6857
101.448,35.7143
101.496,35.7429
101.559,35.7714
101.715,20
101.77,21
101.822,22
101.876,23
101.931,24
101.986,25
102.034,26
102.089,27
102.139,28
102.193,29
102.249,30
102.305,31
102.356,32
102.411,33
102.466,34
102.518,35
102.569,36
102.619,36.0278
102.678,36.0556
102.733,36.0833
102.785,36.1111
102.839,36.1389
102.894,36.1667
103.048,21
103.101,22
103.159,23
103.209,24
103.26,25
103.317,26
103.367,27
103.417,28
103.469,29
103.518,30
103.578,31
103.63,32
103.694,33
103.757,34
103.797,35
103.851,36
103.913,36.0278
103.963,36.0556
104.015,36.0833
104.178,21
104.233,22
104.284,23
104.334,24
104.386,25
104.444,26
104.497,27
104.548,28
104.599,29
104.654,30
104.708,31
104.759,32
104.81,33
104.862,34
104.917,35
104.967,36
105.018,37
105.07,37.027
105.123,37.0541
105.193,37.0811
105.238,37.1081
105.299,37.1351
105.347,37.1622
105.402,37.1892
105.454,37.2162
105.506,37.2432
105.569,37.2703
105.62,37.2973
105.677,37.3243
105.731,37.3514
105.782,37.3784
105.836,37.4054
105.891,37.4324
105.941,37.4595
106.006,37.4865
106.062,37.5135
106.115,37.5405
106.176,37.5676
106.239,37.5946
106.31,37.6216
106.366,37.6486
106.423,37.6757
106.477,37.7027
106.555,37.7297
106.604,37.7568
106.705,37.7838
106.836,37.8108
106.887,37.8378
106.941,37.8649
106.997,37.8919
107.052,37.9189
107.107,37.9459
107.158,37.973
107.222,38
107.299,38.027
107.358,38.0533
107.41,38.0797
107.462,38.106
107.515,38.1323
107.573,38.1586
107.661,38.1849
107.708,38.2112
107.762,38.2376
107.813,38.2639
107.874,38.2902
107.928,38.3165
107.98,38.3428
108.033,38.3691
108.085,38.3954
108.138,38.4218
108.19,38.4481
108.244,38.4744
108.298,38.5007
108.349,38.527
108.402,38.5533
108.455,38.5797
108.506,38.606
108.563,38.6323
108.614,38.6586
108.668,38.6849
108.721,38.7112
108.772,38.7376
108.825,38.7639
108.881,38.7902
108.934,38.8165
108.986,38.8428
109.039,38.8691
109.093,38.8954
109.143,38.9218
109.201,38.9481
109.249,38.9744
109.301,39.0007
109.354,39.0264
109.405,39.052
109.562,22
109.615,23
109.666,24
109.722,25
109.773,26
109.832,27
109.892,28
109.941,29
109.993,30
110.043,31
110.094,32
110.156,33
110.217,34
110.266,35
110.326,36
110.379,37
110.431,37.027
110.483,37.0541
110.534,37.0811
110.586,37.1081
110.639,37.1351
110.69,37.1622
110.771,37.1892
110.828,37.2162
110.882,37.2432
110.94,37.2703
110.992,37.2973
111.044,37.3243
111.099,37.3514
111.173,37.3784
111.217,37.4054
111.269,37.4324
111.322,37.4595
111.377,37.4865
111.432,37.5135
111.489,37.5405
111.544,37.5676
111.594,37.5946
111.654,37.6216
111.714,37.6486
111.769,37.6757
111.84,37.7027
111.877,37.7297
111.937,37.7568
112.024,37.7838
112.084,37.8108
112.135,37.8378
112.185,37.8649
112.238,37.8919
112.289,37.9189
112.34,37.9459
112.396,37.973
112.452,38
112.503,38.027
112.556,38.0533
112.609,38.0797
112.675,38.106
